{"cameraMode":{"drawMode":0,"name":"Shaded","section":"Shading Mode"},"sceneLighting":true,"audioPlay":false,"sceneViewState":{"m_AlwaysRefresh":false,"showFog":true,"showSkybox":true,"showFlares":true,"showImageEffects":true,"showParticleSystems":true,"showVisualEffectGraphs":true,"m_FxEnabled":true},"in2DMode":false,"pivot":{"x":6.5786237716674809,"y":1.4534550905227662,"z":-4.413015842437744},"rotation":{"x":-0.10508057475090027,"y":0.025949500501155855,"z":-0.0027408318128436805,"w":-0.9941293001174927},"size":0.8923861980438232,"orthographic":false}